"Timestamp","User Count","Type","Name","Requests/s","Failures/s","50%","66%","75%","80%","90%","95%","98%","99%","99.9%","99.99%","99.999%","100%","Total Request Count","Total Failure Count","Total Median Response Time","Total Average Response Time","Total Min Response Time","Total Max Response Time","Total Average Content Size"
"1597346257","1","","Aggregated",0.00,0.00,"N/A","N/A","N/A","N/A","N/A","N/A","N/A","N/A","N/A","N/A","N/A","N/A",0,0,0,0,0,0,0
"1597346259","11","","Aggregated",0.00,0.00,180,190,190,200,210,240,240,240,240,240,240,240,19,0,180,135,40,239,3183
"1597346261","21","","Aggregated",7.00,0.00,120,170,190,190,200,240,240,240,240,240,240,240,40,0,110,124,40,239,2450
"1597346263","31","","Aggregated",8.50,0.00,90,160,180,190,200,220,240,240,240,240,240,240,64,0,90,119,40,239,2263
"1597346265","41","","Aggregated",9.83,0.00,83,160,170,180,190,210,240,240,240,240,240,240,89,0,88,115,39,239,2179
"1597346267","51","","Aggregated",10.25,0.00,82,150,160,170,190,210,230,240,240,240,240,240,121,0,83,111,39,239,2057
"1597346269","61","","Aggregated",11.50,0.00,79,130,160,160,180,190,220,230,240,240,240,240,153,0,82,107,39,239,1934
"1597346271","71","","Aggregated",13.20,0.00,77,110,150,160,180,190,210,220,230,230,230,230,190,0,79,104,37,239,1945
"1597346273","81","","Aggregated",14.60,0.00,71,100,140,160,180,190,210,230,230,230,230,230,226,0,77,103,35,239,1903
"1597346275","91","","Aggregated",15.60,0.00,71,95,130,150,180,190,220,270,270,270,270,270,274,0,74,101,35,274,1950
"1597346277","100","","Aggregated",17.70,0.00,71,100,130,140,170,200,220,270,300,300,300,300,331,0,74,101,35,296,1883
"1597346280","100","","Aggregated",19.50,0.00,70,94,130,140,170,200,230,270,300,300,300,300,352,0,72,98,35,296,1890
"1597346282","100","","Aggregated",19.40,0.00,65,80,110,130,170,200,230,270,300,300,300,300,394,0,71,96,35,296,1824
"1597346284","100","","Aggregated",19.90,0.00,62,72,82,100,140,190,220,230,300,300,300,300,428,0,69,93,35,296,1773
"1597346286","100","","Aggregated",19.00,0.00,59,66,72,77,110,150,220,230,230,230,230,230,457,0,68,91,35,296,1726
"1597346288","100","","Aggregated",16.90,0.00,58,66,73,80,100,130,170,230,230,230,230,230,497,0,67,89,35,296,1768
"1597346290","100","","Aggregated",16.10,0.00,60,71,76,80,100,120,150,190,220,220,220,220,544,0,67,88,35,296,1824
"1597346293","100","","Aggregated",17.40,0.00,59,72,78,83,100,120,150,190,220,220,220,220,577,0,66,87,35,296,1799
"1597346295","100","","Aggregated",17.00,0.00,63,73,80,84,100,120,170,200,220,220,220,220,611,0,66,86,35,296,1762
"1597346297","100","","Aggregated",17.60,0.00,64,73,80,85,100,120,190,220,220,220,220,220,645,0,66,85,35,296,1817
"1597346299","100","","Aggregated",16.90,0.00,62,70,75,79,92,110,130,200,220,220,220,220,679,0,65,84,35,296,1837
"1597346301","100","","Aggregated",16.70,0.00,64,71,77,81,96,130,250,290,360,360,360,360,719,0,65,84,35,363,1811
"1597346304","100","","Aggregated",16.20,0.00,62,70,77,81,110,220,270,290,360,360,360,360,748,0,65,84,35,363,1788
"1597346306","100","","Aggregated",16.20,0.00,63,70,78,83,98,120,270,290,360,360,360,360,790,0,64,83,35,363,1803
"1597346308","100","","Aggregated",16.90,0.00,63,70,76,81,98,130,250,290,360,360,360,360,823,0,64,83,35,363,1779
"1597346310","100","","Aggregated",16.70,0.00,61,69,75,80,98,110,190,250,270,270,270,270,857,0,64,82,35,363,1774
"1597346312","100","","Aggregated",16.10,0.00,64,73,80,96,120,170,190,470,490,490,490,490,902,0,65,84,35,491,1797
"1597346315","100","","Aggregated",16.90,0.00,65,74,81,92,140,170,300,470,490,490,490,490,931,0,65,83,35,491,1767
"1597346317","100","","Aggregated",15.80,0.00,65,71,78,86,130,170,250,470,490,490,490,490,974,0,64,82,35,491,1747
"1597346319","100","","Aggregated",16.70,0.00,64,70,78,86,120,170,270,470,490,490,490,490,1017,0,64,82,35,491,1732
"1597346321","100","","Aggregated",17.40,0.00,62,67,70,75,86,110,130,270,300,300,300,300,1043,0,64,81,35,491,1736
"1597346324","100","","Aggregated",15.90,0.00,62,68,71,73,83,91,110,150,270,270,270,270,1082,0,64,81,35,491,1729
"1597346326","100","","Aggregated",15.90,0.00,63,69,73,77,85,91,110,150,270,270,270,270,1121,0,64,80,35,491,1703
"1597346328","100","","Aggregated",17.30,0.00,63,69,74,77,85,91,150,470,510,510,510,510,1154,0,64,80,35,511,1679
"1597346331","100","","Aggregated",15.90,0.00,63,73,77,80,99,120,360,470,510,510,510,510,1186,0,64,81,35,511,1678
"1597346333","100","","Aggregated",14.90,0.00,68,77,85,91,110,440,480,550,630,630,630,630,1238,0,64,82,35,629,1685
"1597346335","100","","Aggregated",16.80,0.00,70,78,92,100,130,440,510,550,630,630,630,630,1270,0,65,82,35,629,1689
"1597346338","100","","Aggregated",16.00,0.00,69,80,99,100,130,170,450,550,630,630,630,630,1312,0,65,82,35,629,1710
"1597346340","100","","Aggregated",16.30,0.00,68,76,92,99,130,150,450,550,630,630,630,630,1353,0,64,82,35,629,1699
"1597346342","100","","Aggregated",17.30,0.00,63,72,77,83,110,140,150,170,370,370,370,370,1387,0,64,81,35,629,1678
"1597346345","100","","Aggregated",17.10,0.00,61,66,73,75,99,110,130,370,390,390,390,390,1427,0,64,81,35,629,1676
"1597346347","100","","Aggregated",16.70,0.00,62,68,75,81,130,260,270,370,390,390,390,390,1463,0,64,82,35,629,1655
"1597346350","100","","Aggregated",16.60,0.00,62,70,80,87,130,260,280,600,610,610,610,610,1519,0,64,82,35,629,1643
"1597346352","100","","Aggregated",16.90,0.00,62,70,81,87,160,260,470,600,610,610,610,610,1541,0,64,82,35,629,1652
"1597346354","100","","Aggregated",15.60,0.00,66,75,83,91,140,260,280,600,610,610,610,610,1590,0,64,82,35,629,1639
"1597346357","100","","Aggregated",16.60,0.00,65,71,77,83,110,120,150,150,470,470,470,470,1629,0,64,82,35,629,1631
"1597346359","100","","Aggregated",17.00,0.00,67,73,81,86,110,130,150,470,550,550,550,550,1665,0,64,82,35,629,1639
"1597346362","100","","Aggregated",15.40,0.00,67,75,81,83,100,130,130,150,550,550,550,550,1707,0,65,81,35,629,1632
"1597346364","100","","Aggregated",16.70,0.00,69,81,87,92,110,120,140,150,550,550,550,550,1746,0,65,81,35,629,1633
"1597346366","100","","Aggregated",16.40,0.00,71,82,88,92,110,130,150,150,550,550,550,550,1784,0,65,81,35,629,1630
"1597346369","100","","Aggregated",16.70,0.00,71,81,88,92,110,120,150,150,160,160,160,160,1826,0,65,81,35,629,1636
"1597346371","100","","Aggregated",16.60,0.00,66,80,85,88,110,110,160,450,470,470,470,470,1854,0,65,81,35,629,1637
"1597346374","100","","Aggregated",15.50,0.00,64,73,80,82,88,110,450,470,630,630,630,630,1908,0,65,81,35,629,1633
"1597346376","100","","Aggregated",16.40,0.00,64,76,81,84,93,100,160,470,630,630,630,630,1943,0,65,81,35,629,1632
"1597346379","100","","Aggregated",15.70,0.00,65,76,80,84,93,97,100,130,630,630,630,630,1978,0,65,81,35,629,1642
"1597346381","100","","Aggregated",15.20,0.00,71,78,83,86,96,100,200,620,620,620,620,620,2024,0,65,81,35,629,1646
"1597346384","100","","Aggregated",16.80,0.00,72,80,85,89,100,150,600,620,620,620,620,620,2059,0,65,82,35,629,1635
"1597346386","100","","Aggregated",15.10,0.00,68,76,81,85,100,440,480,620,620,620,620,620,2100,0,65,82,35,629,1643
"1597346389","100","","Aggregated",16.30,0.00,68,80,87,93,130,170,480,480,480,480,480,480,2140,0,65,82,35,629,1639
"1597346391","100","","Aggregated",16.20,0.00,70,79,89,96,130,150,480,480,530,530,530,530,2180,0,65,82,35,629,1627
"1597346393","100","","Aggregated",15.90,0.00,71,84,96,100,120,150,440,480,530,530,530,530,2220,0,66,82,35,629,1612
"1597346396","100","","Aggregated",16.60,0.00,81,99,110,120,140,170,350,480,530,530,530,530,2262,0,66,83,35,629,1604
"1597346399","100","","Aggregated",16.30,0.00,77,100,120,120,160,260,680,710,730,730,730,730,2307,0,66,84,35,727,1603
"1597346401","100","","Aggregated",16.70,0.00,72,87,120,120,190,260,710,730,730,730,730,730,2340,0,66,84,35,734,1597
"1597346404","100","","Aggregated",16.00,0.00,66,77,94,110,190,310,710,730,730,730,730,730,2378,0,66,84,35,734,1597
"1597346406","100","","Aggregated",14.60,0.00,66,73,81,86,100,130,500,700,730,730,730,730,2424,0,66,84,35,734,1587
"1597346409","100","","Aggregated",16.10,0.00,67,75,81,86,98,130,470,500,700,700,700,700,2468,0,66,84,35,734,1587
"1597346411","100","","Aggregated",16.10,0.00,68,78,84,87,100,130,160,700,740,740,740,740,2507,0,66,84,35,736,1585
"1597346414","100","","Aggregated",16.20,0.00,67,75,81,85,95,120,470,490,740,740,740,740,2546,0,66,84,35,736,1577
"1597346416","100","","Aggregated",16.80,0.00,68,77,81,85,93,110,160,670,740,740,740,740,2591,0,66,84,35,736,1591
"1597346419","100","","Aggregated",16.20,0.00,67,75,81,83,93,110,490,670,690,690,690,690,2632,0,66,84,35,736,1593
"1597346422","100","","Aggregated",16.40,0.00,70,78,83,87,100,120,150,670,690,690,690,690,2670,0,66,84,35,736,1599
"1597346424","100","","Aggregated",15.50,0.00,69,78,84,92,110,150,160,180,690,690,690,690,2727,0,66,84,35,736,1606
"1597346426","100","","Aggregated",17.30,0.00,66,76,81,87,110,150,160,180,370,370,370,370,2761,0,66,83,35,736,1605
"1597346429","100","","Aggregated",16.80,0.00,67,80,89,96,140,160,180,370,440,440,440,440,2796,0,66,84,35,736,1606
"1597346432","100","","Aggregated",16.40,0.00,75,85,92,97,130,140,370,440,690,690,690,690,2849,0,66,84,35,736,1602
"1597346434","100","","Aggregated",17.90,0.00,76,89,97,110,140,140,230,690,850,850,850,850,2884,0,66,84,35,849,1612
"1597346437","100","","Aggregated",15.90,0.00,75,87,97,110,140,140,230,690,850,850,850,850,2931,0,67,84,35,849,1616
"1597346439","100","","Aggregated",16.90,0.00,72,87,100,120,140,140,180,230,850,850,850,850,2971,0,67,84,35,849,1629
"1597346442","100","","Aggregated",17.30,0.00,70,83,97,100,130,140,150,520,580,580,580,580,3004,0,67,84,35,849,1631
"1597346445","100","","Aggregated",15.50,0.00,70,91,100,110,130,140,170,520,580,580,580,580,3049,0,67,84,35,849,1635
"1597346447","100","","Aggregated",16.40,0.00,66,77,90,100,110,140,520,580,660,660,660,660,3087,0,67,84,35,849,1635
"1597346450","100","","Aggregated",15.40,0.00,71,97,110,110,130,140,150,170,660,660,660,660,3136,0,67,84,35,849,1632
"1597346453","100","","Aggregated",15.80,0.00,71,86,100,110,130,140,150,170,660,660,660,660,3167,0,67,84,35,849,1629
"1597346455","100","","Aggregated",14.50,0.00,74,96,110,110,130,140,190,610,640,640,640,640,3206,0,67,85,35,849,1621
"1597346458","100","","Aggregated",15.60,0.00,81,97,110,110,130,190,800,870,930,930,930,930,3260,0,67,85,35,930,1615
"1597346460","100","","Aggregated",17.30,0.00,88,100,110,110,140,190,800,870,930,930,930,930,3289,0,67,86,35,930,1613
"1597346463","100","","Aggregated",15.10,0.00,89,110,110,120,150,380,800,870,930,930,930,930,3331,0,68,86,35,930,1606
"1597346466","100","","Aggregated",16.60,0.00,83,100,110,120,150,190,460,480,580,580,580,580,3372,0,68,86,35,930,1605
"1597346468","100","","Aggregated",14.90,0.00,80,100,120,130,150,480,1100,1100,1100,1100,1100,1100,3412,0,68,87,35,1128,1604
"1597346471","100","","Aggregated",15.10,0.00,78,100,120,130,160,880,1100,1100,1100,1100,1100,1100,3465,0,68,88,35,1128,1597
"1597346474","100","","Aggregated",15.50,0.00,78,110,120,130,160,850,1100,1100,1100,1100,1100,1100,3499,0,68,89,35,1128,1602
"1597346477","100","","Aggregated",16.10,0.00,83,110,120,130,150,690,850,880,910,910,910,910,3540,0,68,89,35,1128,1599
"1597346479","100","","Aggregated",13.90,0.00,85,110,130,140,170,690,1100,1100,1200,1200,1200,1200,3595,0,68,90,35,1165,1600
"1597346482","100","","Aggregated",16.60,0.00,75,97,110,140,170,200,1100,1100,1200,1200,1200,1200,3635,0,68,90,35,1165,1602
"1597346485","100","","Aggregated",15.60,0.00,75,97,110,110,170,180,1000,1100,1200,1200,1200,1200,3684,0,68,90,35,1165,1595
"1597346487","100","","Aggregated",16.00,0.00,72,89,98,110,120,170,650,850,870,870,870,870,3722,0,69,91,35,1165,1597
"1597346490","100","","Aggregated",17.80,0.00,72,88,97,110,110,130,650,670,850,850,850,850,3763,0,69,91,35,1165,1593
"1597346493","100","","Aggregated",16.20,0.00,69,79,88,91,110,130,650,670,830,830,830,830,3810,0,69,91,35,1165,1595
"1597346496","100","","Aggregated",15.60,0.00,75,88,94,100,130,670,800,810,830,830,830,830,3858,0,69,91,35,1165,1594
"1597346499","100","","Aggregated",15.60,0.00,77,90,99,110,140,190,800,810,830,830,830,830,3900,0,69,91,35,1165,1590
"1597346501","100","","Aggregated",14.80,0.00,77,96,120,130,150,190,800,810,960,960,960,960,3942,0,69,91,35,1165,1598
"1597346504","100","","Aggregated",15.80,0.00,71,83,94,110,150,160,190,190,960,960,960,960,3987,0,69,91,35,1165,1599
"1597346507","100","","Aggregated",15.50,0.00,70,79,89,92,140,150,180,190,960,960,960,960,4031,0,69,91,35,1165,1608
"1597346509","100","","Aggregated",16.40,0.00,70,78,84,89,98,150,720,770,770,770,770,770,4069,0,69,92,35,1165,1608
"1597346512","100","","Aggregated",16.90,0.00,66,75,80,85,99,150,720,770,770,770,770,770,4112,0,69,91,35,1165,1615
"1597346515","100","","Aggregated",15.80,0.00,70,81,90,96,130,150,770,770,810,810,810,810,4151,0,69,91,35,1165,1621
"1597346518","100","","Aggregated",14.50,0.00,75,89,100,100,130,140,150,150,810,810,810,810,4208,0,69,91,35,1165,1621
"1597346520","100","","Aggregated",17.20,0.00,81,95,100,120,140,150,210,790,810,810,810,810,4250,0,69,92,35,1165,1625
"1597346523","100","","Aggregated",16.90,0.00,75,88,99,100,130,150,210,270,790,790,790,790,4287,0,69,91,35,1165,1622
"1597346526","100","","Aggregated",16.20,0.00,74,83,95,100,150,180,710,720,790,790,790,790,4335,0,69,92,35,1165,1612
"1597346528","100","","Aggregated",15.10,0.00,71,80,90,99,150,210,720,900,910,910,910,910,4381,0,69,92,35,1165,1606
"1597346531","100","","Aggregated",17.00,0.00,66,74,83,88,140,160,830,900,910,910,910,910,4420,0,69,92,35,1165,1612
"1597346534","100","","Aggregated",17.00,0.00,60,69,74,83,95,120,830,900,910,910,910,910,4459,0,69,92,35,1165,1607
"1597346537","100","","Aggregated",15.10,0.00,64,76,87,90,130,160,250,620,840,840,840,840,4515,0,69,92,35,1165,1608
"1597346540","100","","Aggregated",15.60,0.00,63,79,100,100,130,160,230,250,840,840,840,840,4556,0,69,92,35,1165,1615
"1597346542","100","","Aggregated",15.00,0.00,64,80,110,110,130,150,230,250,840,840,840,840,4599,0,69,91,35,1165,1618
"1597346546","100","","Aggregated",15.90,0.00,61,70,78,83,110,130,160,220,230,230,230,230,4649,0,69,91,35,1165,1618
"1597346548","100","","Aggregated",14.20,0.00,63,72,78,89,110,120,140,160,220,220,220,220,4694,0,69,91,35,1165,1613
"1597346551","100","","Aggregated",15.50,0.00,61,70,73,76,96,100,120,120,1000,1000,1000,1000,4745,0,69,91,34,1165,1612
"1597346554","100","","Aggregated",16.60,0.00,59,67,71,73,93,100,110,120,1000,1000,1000,1000,4788,0,69,90,34,1165,1614
"1597346557","100","","Aggregated",15.80,0.00,58,65,67,72,87,110,120,890,1000,1000,1000,1000,4830,0,68,90,34,1165,1615
"1597346560","100","","Aggregated",15.10,0.00,61,68,75,81,94,110,120,1100,1100,1100,1100,1100,4888,0,68,91,34,1165,1621
"1597346564","100","","Aggregated",16.10,0.00,60,67,78,81,94,100,1100,1100,1100,1100,1100,1100,4931,0,68,91,34,1165,1623
"1597346566","100","","Aggregated",16.00,0.00,64,74,80,84,94,100,1100,1100,1200,1200,1200,1200,4980,0,68,91,34,1226,1627
"1597346569","100","","Aggregated",16.10,0.00,63,71,77,78,91,100,160,1100,1200,1200,1200,1200,5034,0,68,90,34,1226,1628
"1597346572","100","","Aggregated",16.10,0.00,65,72,78,80,92,150,170,170,1200,1200,1200,1200,5078,0,68,90,34,1226,1627
"1597346575","100","","Aggregated",16.10,0.00,69,76,82,87,160,170,180,210,230,230,230,230,5129,0,68,90,34,1226,1627
"1597346578","100","","Aggregated",16.10,0.00,71,82,92,98,160,170,200,230,830,830,830,830,5175,0,68,90,34,1226,1628
"1597346581","100","","Aggregated",16.00,0.00,68,80,87,93,140,170,210,830,960,960,960,960,5221,0,68,90,34,1226,1629
"1597346584","100","","Aggregated",16.10,0.00,67,81,89,100,150,170,1000,1000,1100,1100,1100,1100,5275,0,68,91,34,1226,1627
"1597346587","100","","Aggregated",16.00,0.00,67,72,81,87,150,170,1000,1000,1100,1100,1100,1100,5312,0,68,91,34,1226,1623
"1597346590","100","","Aggregated",14.70,0.00,66,72,82,84,150,170,1000,1000,1100,1100,1100,1100,5361,0,68,91,34,1226,1620
"1597346593","100","","Aggregated",15.20,0.00,68,75,84,90,160,170,180,730,1000,1000,1000,1000,5405,0,68,91,34,1226,1618
"1597346596","100","","Aggregated",13.70,0.00,71,84,93,110,170,170,190,730,1000,1000,1000,1000,5442,0,68,91,34,1226,1618
"1597346599","100","","Aggregated",13.90,0.00,73,98,110,120,160,170,190,730,1400,1400,1400,1400,5510,0,68,91,34,1398,1616
"1597346602","100","","Aggregated",16.10,0.00,71,87,96,100,120,170,190,1200,1400,1400,1400,1400,5546,0,68,91,34,1398,1619
"1597346605","100","","Aggregated",14.20,0.00,70,82,96,100,120,130,160,1200,1400,1400,1400,1400,5599,0,68,91,34,1398,1623
"1597346608","100","","Aggregated",15.80,0.00,64,80,91,98,120,140,830,990,1200,1200,1200,1200,5639,0,68,91,34,1398,1624
"1597346611","100","","Aggregated",13.70,0.00,64,73,83,99,120,120,830,990,1000,1000,1000,1000,5684,0,68,91,34,1398,1631
"1597346614","100","","Aggregated",14.10,0.00,62,71,80,84,100,110,120,830,1000,1000,1000,1000,5734,0,68,91,34,1398,1634
"1597346617","100","","Aggregated",14.70,0.00,62,69,75,80,89,100,120,120,1000,1000,1000,1000,5774,0,68,91,34,1398,1631
"1597346620","100","","Aggregated",14.00,0.00,61,72,80,83,130,140,170,1200,1200,1200,1200,1200,5828,0,68,91,34,1398,1634
"1597346623","100","","Aggregated",14.60,0.00,60,68,76,82,130,140,170,1200,1200,1200,1200,1200,5877,0,68,91,34,1398,1634
"1597346625","100","","Aggregated",15.60,0.00,58,66,74,79,130,140,170,1200,1200,1200,1200,1200,5919,0,68,90,34,1398,1630
"1597346628","100","","Aggregated",15.90,0.00,57,64,68,71,81,91,110,610,650,650,650,650,5957,0,68,90,34,1398,1631
"1597346631","100","","Aggregated",15.10,0.00,55,63,67,69,79,100,610,650,1200,1200,1200,1200,6007,0,67,90,34,1398,1630
"1597346634","100","","Aggregated",15.30,0.00,64,70,76,81,120,140,650,1200,1300,1300,1300,1300,6056,0,67,90,34,1398,1632
"1597346638","100","","Aggregated",15.70,0.00,68,76,87,92,120,130,230,1100,1300,1300,1300,1300,6106,0,67,90,34,1398,1637
"1597346641","100","","Aggregated",16.00,0.00,69,76,87,92,110,120,230,1100,1300,1300,1300,1300,6155,0,67,90,34,1398,1641
"1597346644","100","","Aggregated",14.80,0.00,66,74,76,83,93,110,120,1300,2700,2700,2700,2700,6203,0,67,91,34,2652,1641
"1597346647","100","","Aggregated",14.70,0.00,72,84,89,99,110,120,1300,1300,2700,2700,2700,2700,6251,0,68,91,34,2652,1639
"1597346650","100","","Aggregated",14.50,0.00,77,85,92,97,110,120,1300,1300,2700,2700,2700,2700,6303,0,68,91,34,2652,1639
"1597346654","100","","Aggregated",14.80,0.00,75,81,87,92,100,150,1100,1300,1300,1300,1300,1300,6352,0,68,91,34,2652,1637
"1597346656","100","","Aggregated",15.30,0.00,75,81,86,91,130,140,160,1300,1300,1300,1300,1300,6406,0,68,91,34,2652,1637
"1597346659","100","","Aggregated",16.40,0.00,68,79,87,96,130,140,160,160,1100,1100,1100,1100,6448,0,68,91,34,2652,1634
"1597346661","100","","Aggregated",15.50,0.00,67,77,83,93,130,140,160,670,690,690,690,690,6490,0,68,91,34,2652,1636
"1597346664","100","","Aggregated",16.80,0.00,67,76,90,95,120,150,670,690,780,780,780,780,6530,0,68,91,34,2652,1634
"1597346667","100","","Aggregated",17.80,0.00,71,87,96,100,120,170,780,1100,1100,1100,1100,1100,6583,0,68,91,34,2652,1635
"1597346671","100","","Aggregated",16.30,0.00,82,98,110,120,160,170,1100,1100,1100,1100,1100,1100,6637,0,68,92,34,2652,1634
"1597346674","100","","Aggregated",16.70,0.00,78,91,100,110,130,170,200,1100,1200,1200,1200,1200,6685,0,68,92,34,2652,1636
"1597346677","100","","Aggregated",15.50,0.00,75,88,99,120,170,200,1100,1100,1200,1200,1200,1200,6739,0,68,92,34,2652,1639
"1597346680","100","","Aggregated",15.60,0.00,68,77,82,94,110,190,1100,1700,1700,1700,1700,1700,6792,0,68,92,34,2652,1635
"1597346684","100","","Aggregated",15.50,0.00,67,73,79,82,150,160,1300,1700,1700,1700,1700,1700,6849,0,68,92,34,2652,1635
"1597346687","100","","Aggregated",16.40,0.00,68,75,83,92,120,160,190,1300,1500,1500,1500,1500,6892,0,68,92,34,2652,1635
"1597346690","100","","Aggregated",15.30,0.00,69,78,85,93,120,160,1300,1300,1500,1500,1500,1500,6947,0,68,93,34,2652,1637
"1597346693","100","","Aggregated",15.50,0.00,71,81,92,98,120,140,1300,1400,1500,1500,1500,1500,6989,0,68,93,34,2652,1637
"1597346696","100","","Aggregated",14.00,0.00,67,80,93,95,110,140,1300,1300,1400,1400,1400,1400,7039,0,68,93,34,2652,1637
"1597346700","100","","Aggregated",15.30,0.00,65,78,91,97,120,130,150,170,1200,1200,1200,1200,7086,0,68,93,34,2652,1638
"1597346703","100","","Aggregated",13.90,0.00,70,80,94,99,120,130,150,170,1200,1200,1200,1200,7138,0,68,93,34,2652,1637
"1597346706","100","","Aggregated",14.90,0.00,79,91,98,110,130,150,220,230,1300,1300,1300,1300,7189,0,68,93,34,2652,1640
"1597346709","100","","Aggregated",15.00,0.00,79,89,95,98,130,190,220,230,1300,1300,1300,1300,7231,0,68,93,34,2652,1644
"1597346712","100","","Aggregated",15.40,0.00,71,87,93,98,160,190,220,230,1300,1300,1300,1300,7273,0,68,93,34,2652,1640
"1597346715","100","","Aggregated",14.00,0.00,71,100,120,140,160,180,190,190,240,240,240,240,7333,0,68,93,34,2652,1643
"1597346718","100","","Aggregated",15.10,0.00,80,110,120,130,160,170,240,760,780,780,780,780,7372,0,68,93,34,2652,1641
"1597346721","100","","Aggregated",14.50,0.00,100,120,140,160,170,180,760,780,1100,1100,1100,1100,7423,0,68,93,34,2652,1641
"1597346724","100","","Aggregated",15.00,0.00,92,100,130,130,160,180,1100,1200,1200,1200,1200,1200,7470,0,68,94,34,2652,1638
"1597346727","100","","Aggregated",16.20,0.00,87,100,130,140,160,160,1100,1200,1200,1200,1200,1200,7517,0,69,93,34,2652,1640
"1597346730","100","","Aggregated",15.00,0.00,79,90,97,110,130,140,160,1200,1200,1200,1200,1200,7570,0,69,93,34,2652,1644
"1597346734","100","","Aggregated",15.00,0.00,83,92,110,140,170,180,190,190,220,220,220,220,7626,0,69,94,34,2652,1642
"1597346737","100","","Aggregated",15.90,0.00,86,120,140,150,170,190,190,220,1200,1200,1200,1200,7669,0,69,94,34,2652,1643
"1597346740","100","","Aggregated",15.20,0.00,74,91,120,130,170,180,190,220,1200,1200,1200,1200,7725,0,69,93,34,2652,1641
"1597346743","100","","Aggregated",15.50,0.00,67,76,89,120,130,150,210,1100,1200,1200,1200,1200,7776,0,69,93,34,2652,1641
"1597346746","100","","Aggregated",15.00,0.00,65,71,76,84,120,130,140,210,1100,1100,1100,1100,7816,0,69,93,34,2652,1640
"1597346749","100","","Aggregated",14.70,0.00,69,85,95,100,120,130,140,210,1100,1100,1100,1100,7862,0,69,93,34,2652,1638
"1597346752","100","","Aggregated",14.40,0.00,74,86,92,96,120,130,160,940,960,960,960,960,7920,0,69,93,34,2652,1642
"1597346755","100","","Aggregated",14.90,0.00,72,83,89,92,100,120,160,940,960,960,960,960,7959,0,69,93,34,2652,1643
"1597346759","100","","Aggregated",14.40,0.00,60,67,72,76,82,99,110,1200,1300,1300,1300,1300,8016,0,69,93,34,2652,1641
"1597346762","100","","Aggregated",15.80,0.00,65,73,80,87,98,110,1200,1300,1300,1300,1300,1300,8064,0,69,93,34,2652,1639
"1597346765","100","","Aggregated",14.40,0.00,64,75,84,88,93,110,140,150,1300,1300,1300,1300,8124,0,69,93,34,2652,1637
"1597346768","100","","Aggregated",16.50,0.00,68,78,85,89,97,120,140,1300,1400,1400,1400,1400,8181,0,69,93,34,2652,1640
"1597346772","100","","Aggregated",16.50,0.00,59,68,76,79,91,120,130,150,1400,1400,1400,1400,8221,0,69,93,34,2652,1636
"1597346775","100","","Aggregated",15.70,0.00,63,75,81,88,95,100,130,130,1600,1600,1600,1600,8284,0,69,93,34,2652,1635
"1597346779","100","","Aggregated",16.00,0.00,62,75,86,92,99,110,130,1500,1600,1600,1600,1600,8332,0,69,93,34,2652,1635
"1597346782","100","","Aggregated",13.50,0.00,60,68,76,91,110,110,170,1500,1500,1500,1500,1500,8392,0,69,93,34,2652,1631
"1597346786","100","","Aggregated",17.10,0.00,61,78,93,96,110,110,170,1500,1600,1600,1600,1600,8447,0,69,93,34,2652,1628
"1597346789","100","","Aggregated",16.30,0.00,62,72,81,89,110,120,190,1400,1600,1600,1600,1600,8498,0,68,93,34,2652,1631
"1597346792","100","","Aggregated",16.60,0.00,63,73,81,87,100,150,190,190,1400,1400,1400,1400,8552,0,68,93,34,2652,1633
"1597346795","100","","Aggregated",16.00,0.00,66,76,87,99,120,160,1300,1300,1400,1400,1400,1400,8603,0,68,93,34,2652,1632
"1597346799","100","","Aggregated",15.60,0.00,61,67,72,74,120,130,1300,1300,1300,1300,1300,1300,8654,0,68,93,34,2652,1632
"1597346802","100","","Aggregated",15.60,0.00,60,69,72,74,84,88,110,130,160,160,160,160,8705,0,68,93,34,2652,1632
"1597346806","100","","Aggregated",15.30,0.00,60,69,73,76,82,86,88,92,100,100,100,100,8755,0,68,93,34,2652,1633
"1597346809","100","","Aggregated",15.20,0.00,62,76,83,89,100,120,130,140,1600,1600,1600,1600,8814,0,68,93,34,2652,1632
"1597346813","100","","Aggregated",16.00,0.00,80,98,110,110,120,130,140,1600,1700,1700,1700,1700,8864,0,68,93,34,2652,1635
"1597346816","100","","Aggregated",13.50,0.00,96,110,120,160,210,220,250,1600,1700,1700,1700,1700,8930,0,68,93,34,2652,1634
"1597346820","100","","Aggregated",17.50,0.00,92,120,140,200,210,230,250,1500,1600,1600,1600,1600,8976,0,68,94,34,2652,1634
"1597346823","100","","Aggregated",16.20,0.00,63,71,83,90,120,140,160,1500,1500,1500,1500,1500,9031,0,68,94,34,2652,1633
"1597346827","100","","Aggregated",16.70,0.00,66,78,90,98,110,120,1500,1800,1800,1800,1800,1800,9095,0,68,94,34,2652,1634
"1597346830","100","","Aggregated",16.50,0.00,70,79,92,100,120,140,140,1800,1800,1800,1800,1800,9144,0,68,94,34,2652,1634
"1597346834","100","","Aggregated",16.80,0.00,74,81,90,99,140,140,180,250,1600,1600,1600,1600,9199,0,68,94,34,2652,1635
"1597346837","100","","Aggregated",14.10,0.00,69,77,82,87,110,140,250,1600,1700,1700,1700,1700,9257,0,68,94,34,2652,1634
"1597346840","100","","Aggregated",16.20,0.00,71,78,83,87,100,140,180,250,1700,1700,1700,1700,9308,0,68,94,34,2652,1633
"1597346844","100","","Aggregated",16.40,0.00,67,78,85,92,99,110,130,140,1600,1600,1600,1600,9356,0,68,94,34,2652,1631
"1597346847","100","","Aggregated",15.70,0.00,64,74,86,97,110,110,120,1500,1600,1600,1600,1600,9404,0,68,94,34,2652,1632
"1597346851","100","","Aggregated",14.70,0.00,70,110,110,120,180,200,1500,1800,1800,1800,1800,1800,9456,0,68,94,34,2652,1631
"1597346854","100","","Aggregated",12.30,0.00,82,110,120,120,180,200,1400,1800,1800,1800,1800,1800,9512,0,69,95,34,2652,1634
"1597346858","100","","Aggregated",15.60,0.00,79,89,97,110,120,140,210,1400,1400,1400,1400,1400,9566,0,69,94,34,2652,1633
"1597346861","100","","Aggregated",16.00,0.00,74,84,94,99,110,130,160,200,210,210,210,210,9612,0,69,94,34,2652,1635
"1597346865","100","","Aggregated",15.60,0.00,76,98,110,130,170,200,1600,1600,1600,1600,1600,1600,9668,0,69,95,34,2652,1641
"1597346868","100","","Aggregated",13.10,0.00,76,120,130,140,160,190,1600,1700,2700,2700,2700,2700,9721,0,69,95,34,2688,1643
"1597346872","100","","Aggregated",15.50,0.00,99,120,130,130,140,160,190,1700,2700,2700,2700,2700,9784,0,69,95,34,2688,1644
"1597346875","100","","Aggregated",14.20,0.00,71,91,110,120,130,150,160,180,1400,1400,1400,1400,9830,0,69,95,34,2688,1644
"1597346879","100","","Aggregated",16.20,0.00,66,81,100,110,130,170,1400,1700,1800,1800,1800,1800,9885,0,69,96,34,2688,1650
"1597346883","100","","Aggregated",16.10,0.00,72,89,100,110,140,190,1700,1700,1800,1800,1800,1800,9939,0,69,96,34,2688,1649
"1597346886","100","","Aggregated",13.30,0.00,87,99,110,130,150,180,1900,1900,2000,2000,2000,2000,10006,0,69,96,34,2688,1648
"1597346890","100","","Aggregated",16.00,0.00,74,95,110,130,140,170,1900,1900,2000,2000,2000,2000,10056,0,69,97,34,2688,1647
"1597346894","100","","Aggregated",14.20,0.00,56,63,68,71,77,85,1700,1700,1800,1800,1800,1800,10112,0,69,96,34,2688,1647
"1597346897","100","","Aggregated",17.30,0.00,58,67,75,80,96,100,110,1500,1700,1700,1700,1700,10164,0,69,96,34,2688,1645
"1597346901","100","","Aggregated",14.20,0.00,64,73,82,86,100,110,150,150,1500,1500,1500,1500,10223,0,69,96,34,2688,1643
"1597346904","100","","Aggregated",14.50,0.00,66,77,83,86,110,140,160,180,1800,1800,1800,1800,10280,0,69,96,34,2688,1643
"1597346908","100","","Aggregated",16.80,0.00,75,87,99,100,110,140,180,1600,1800,1800,1800,1800,10334,0,69,96,34,2688,1640
"1597346912","100","","Aggregated",13.80,0.00,66,74,85,92,110,120,140,150,1600,1600,1600,1600,10387,0,69,96,34,2688,1639
"1597346915","100","","Aggregated",16.40,0.00,67,77,94,99,120,120,150,1800,1800,1800,1800,1800,10447,0,69,97,34,2688,1640
"1597346918","100","","Aggregated",16.60,0.00,66,75,85,94,110,120,1800,1800,1800,1800,1800,1800,10504,0,69,97,34,2688,1638
"1597346922","100","","Aggregated",17.00,0.00,62,69,74,77,87,95,110,130,1800,1800,1800,1800,10557,0,69,96,34,2688,1639
"1597346926","100","","Aggregated",17.00,0.00,63,72,77,79,90,95,130,130,240,240,240,240,10612,0,69,96,34,2688,1638
"1597346930","100","","Aggregated",13.50,0.00,67,81,88,95,110,130,1900,1900,1900,1900,1900,1900,10681,0,69,97,34,2688,1639
"1597346934","100","","Aggregated",13.80,0.00,66,81,87,94,110,120,1900,1900,1900,1900,1900,1900,10731,0,69,96,34,2688,1638
"1597346938","100","","Aggregated",12.80,0.00,69,79,83,86,95,98,110,130,150,150,150,150,10795,0,69,96,34,2688,1638
"1597346941","100","","Aggregated",11.90,0.00,71,84,90,93,110,130,170,170,240,240,240,240,10858,0,69,96,34,2688,1639
"1597346945","100","","Aggregated",14.50,0.00,63,69,80,88,110,130,170,240,1800,1800,1800,1800,10912,0,69,96,34,2688,1638
"1597346949","100","","Aggregated",13.30,0.00,60,73,94,99,120,130,1700,1700,1800,1800,1800,1800,10966,0,69,96,34,2688,1640
"1597346953","100","","Aggregated",17.10,0.00,63,74,87,94,120,130,140,1700,1700,1700,1700,1700,11026,0,69,96,34,2688,1637
"1597346956","100","","Aggregated",14.80,0.00,66,76,84,87,95,120,2100,2100,2100,2100,2100,2100,11084,0,69,97,34,2688,1635
"1597346960","100","","Aggregated",14.20,0.00,67,81,86,92,120,140,2100,2100,2100,2100,2100,2100,11148,0,69,97,34,2688,1636
"1597346963","100","","Aggregated",13.80,0.00,67,79,86,93,120,130,170,1700,2100,2100,2100,2100,11204,0,69,97,34,2688,1633
"1597346967","100","","Aggregated",17.80,0.00,68,83,93,97,100,130,160,180,2100,2100,2100,2100,11249,0,69,97,34,2688,1632
"1597346971","100","","Aggregated",13.60,0.00,67,74,84,88,100,110,140,180,1500,1500,1500,1500,11303,0,69,97,34,2688,1630
"1597346974","100","","Aggregated",15.50,0.00,70,88,110,120,150,170,1500,2000,2000,2000,2000,2000,11364,0,69,97,34,2688,1629
"1597346978","100","","Aggregated",16.00,0.00,70,84,110,120,150,170,230,2000,2000,2000,2000,2000,11420,0,69,97,34,2688,1626
"1597346982","100","","Aggregated",14.40,0.00,65,77,81,82,94,120,140,190,1700,1700,1700,1700,11481,0,69,97,34,2688,1624
"1597346986","100","","Aggregated",17.80,0.00,64,74,80,82,94,110,140,190,1700,1700,1700,1700,11537,0,69,97,34,2688,1624
"1597346989","100","","Aggregated",14.00,0.00,67,77,88,100,150,160,160,160,2200,2200,2200,2200,11602,0,69,97,34,2688,1624
"1597346992","100","","Aggregated",15.10,0.00,69,87,110,130,150,160,160,1300,2200,2200,2200,2200,11651,0,69,97,34,2688,1624
"1597346996","100","","Aggregated",17.00,0.00,62,70,81,87,130,140,160,160,1300,1300,1300,1300,11690,0,69,97,34,2688,1621
"1597347000","100","","Aggregated",15.30,0.00,70,81,87,91,120,130,150,150,160,160,160,160,11758,0,69,97,34,2688,1622
"1597347004","100","","Aggregated",13.20,0.00,76,85,92,120,150,150,160,160,160,160,160,160,11813,0,69,97,34,2688,1624
"1597347008","100","","Aggregated",12.50,0.00,72,100,110,120,140,160,160,160,170,170,170,170,11874,0,69,97,34,2688,1627
"1597347011","100","","Aggregated",14.20,0.00,66,78,96,100,120,140,160,170,1800,1800,1800,1800,11928,0,69,97,34,2688,1628
"1597347016","100","","Aggregated",14.00,0.00,61,71,76,80,91,120,140,1600,1800,1800,1800,1800,11982,0,69,97,34,2688,1628
"1597347019","100","","Aggregated",11.40,0.00,70,80,85,89,120,130,280,1600,2700,2700,2700,2700,12049,0,69,97,34,2688,1629
"1597347023","100","","Aggregated",13.80,0.00,75,83,88,93,120,140,280,1900,2700,2700,2700,2700,12105,0,69,97,34,2688,1626
"1597347027","100","","Aggregated",13.80,0.00,74,87,92,96,110,140,160,1900,1900,1900,1900,1900,12166,0,69,97,34,2688,1625
"1597347030","100","","Aggregated",18.40,0.00,74,86,92,98,110,140,490,1500,1900,1900,1900,1900,12217,0,69,97,34,2688,1626
"1597347035","100","","Aggregated",16.70,0.00,70,76,84,86,100,130,140,490,1500,1500,1500,1500,12276,0,69,97,34,2688,1627
"1597347038","100","","Aggregated",14.40,0.00,72,76,82,84,100,130,140,150,490,490,490,490,12335,0,69,97,34,2688,1625
"1597347042","100","","Aggregated",14.30,0.00,63,74,78,79,88,96,140,150,1800,1800,1800,1800,12387,0,69,97,34,2688,1624
"1597347046","100","","Aggregated",12.70,0.00,67,78,84,88,100,110,150,150,1800,1800,1800,1800,12446,0,69,96,34,2688,1625
"1597347050","100","","Aggregated",13.20,0.00,84,100,120,130,150,180,210,210,2000,2000,2000,2000,12512,0,69,97,34,2688,1625
"1597347054","100","","Aggregated",13.90,0.00,110,120,130,130,180,200,2000,2100,2100,2100,2100,2100,12566,0,69,97,34,2688,1627
"1597347058","100","","Aggregated",12.80,0.00,80,90,110,110,120,130,2100,2200,2300,2300,2300,2300,12628,0,69,97,34,2688,1626
"1597347062","100","","Aggregated",11.80,0.00,70,82,88,91,140,150,2100,2200,2300,2300,2300,2300,12689,0,69,98,34,2688,1625
"1597347066","100","","Aggregated",12.70,0.00,63,72,81,95,140,150,2000,2000,2100,2100,2100,2100,12744,0,69,98,34,2688,1624
"1597347070","100","","Aggregated",13.60,0.00,65,72,80,92,100,120,1900,1900,2100,2100,2100,2100,12805,0,69,98,34,2688,1626
"1597347074","100","","Aggregated",14.60,0.00,74,90,95,99,140,150,200,2100,2100,2100,2100,2100,12866,0,69,98,34,2688,1628
"1597347078","100","","Aggregated",12.30,0.00,77,89,99,110,140,160,2100,2300,2300,2300,2300,2300,12930,0,69,98,34,2688,1627
"1597347082","100","","Aggregated",12.50,0.00,73,100,160,160,180,190,2300,2400,2400,2400,2400,2400,12992,0,69,99,34,2688,1624
"1597347086","100","","Aggregated",12.60,0.00,74,120,140,160,180,190,2200,2400,2400,2400,2400,2400,13059,0,69,99,34,2688,1624
"1597347089","100","","Aggregated",14.80,0.00,70,84,110,120,130,140,180,2200,2200,2200,2200,2200,13111,0,69,99,34,2688,1626
"1597347093","100","","Aggregated",13.50,0.00,71,98,110,130,170,180,190,190,200,200,200,200,13169,0,69,99,34,2688,1628
"1597347097","100","","Aggregated",13.60,0.00,88,100,110,120,170,180,190,190,200,200,200,200,13230,0,69,99,34,2688,1628
"1597347102","100","","Aggregated",13.30,0.00,78,92,95,99,110,120,140,140,180,180,180,180,13295,0,69,99,34,2688,1628
"1597347105","100","","Aggregated",13.70,0.00,72,82,88,91,97,150,250,2300,2400,2400,2400,2400,13359,0,69,99,34,2688,1626
"1597347109","100","","Aggregated",14.00,0.00,64,76,87,92,120,170,2300,2400,2500,2500,2500,2500,13420,0,69,99,34,2688,1626
"1597347113","100","","Aggregated",13.70,0.00,62,70,87,100,110,120,140,1700,2500,2500,2500,2500,13478,0,69,99,34,2688,1625
"1597347117","100","","Aggregated",13.50,0.00,78,97,110,110,130,140,140,200,1700,1700,1700,1700,13547,0,69,99,34,2688,1627
"1597347121","100","","Aggregated",13.80,0.00,76,93,100,110,130,130,140,140,200,200,200,200,13605,0,69,99,34,2688,1625
"1597347125","100","","Aggregated",13.10,0.00,62,68,79,83,95,100,130,160,200,200,200,200,13660,0,69,99,34,2688,1627
"1597347128","100","","Aggregated",12.70,0.00,64,70,77,81,130,140,150,160,2300,2300,2300,2300,13723,0,69,99,34,2688,1627
"1597347131","100","","Aggregated",17.60,0.00,66,77,85,97,130,150,1300,1300,2300,2300,2300,2300,13773,0,69,99,34,2688,1624
"1597347134","100","","Aggregated",16.80,0.00,71,84,93,110,140,150,1200,1300,2300,2300,2300,2300,13825,0,69,99,34,2688,1626
"1597347137","100","","Aggregated",16.50,0.00,66,81,89,93,120,150,1200,1300,1300,1300,1300,1300,13859,0,69,99,34,2688,1627
"1597347140","100","","Aggregated",14.70,0.00,68,82,86,93,120,200,1200,1200,1200,1200,1200,1200,13912,0,69,99,34,2688,1630
"1597347143","100","","Aggregated",14.90,0.00,67,83,92,98,130,1100,1200,1200,1200,1200,1200,1200,13962,0,69,99,34,2688,1630
"1597347146","100","","Aggregated",15.30,0.00,72,85,96,99,130,1100,1200,1200,1200,1200,1200,1200,14008,0,69,99,34,2688,1630
"1597347149","100","","Aggregated",16.00,0.00,68,86,99,110,120,130,1200,1200,1200,1200,1200,1200,14055,0,69,99,34,2688,1628
"1597347152","100","","Aggregated",15.30,0.00,69,86,99,100,120,150,170,170,1100,1100,1100,1100,14102,0,69,99,34,2688,1627
"1597347155","100","","Aggregated",15.40,0.00,65,78,87,100,120,140,170,170,1100,1100,1100,1100,14150,0,69,99,34,2688,1626
"1597347158","100","","Aggregated",16.40,0.00,68,77,84,92,110,140,170,170,1100,1100,1100,1100,14197,0,69,99,34,2688,1627
"1597347162","100","","Aggregated",15.30,0.00,70,76,82,87,97,120,170,170,1100,1100,1100,1100,14238,0,69,99,34,2688,1628
"1597347165","100","","Aggregated",14.60,0.00,72,81,90,94,160,170,180,190,260,260,260,260,14297,0,69,99,34,2688,1627
"1597347168","100","","Aggregated",16.10,0.00,69,79,88,94,160,170,260,1200,1200,1200,1200,1200,14343,0,69,99,34,2688,1629
"1597347171","100","","Aggregated",14.60,0.00,67,81,92,98,170,210,1200,1400,1500,1500,1500,1500,14381,0,69,99,34,2688,1629
"1597347174","100","","Aggregated",14.30,0.00,80,92,97,100,110,210,1400,1400,1500,1500,1500,1500,14439,0,69,99,34,2688,1628
"1597347177","100","","Aggregated",14.20,0.00,78,88,96,99,110,210,1400,1400,1500,1500,1500,1500,14483,0,69,99,34,2688,1629
"1597347181","100","","Aggregated",14.00,0.00,67,76,80,84,94,110,1300,1400,1400,1400,1400,1400,14546,0,69,99,34,2688,1631
"1597347184","100","","Aggregated",16.50,0.00,61,69,74,77,86,140,1300,1400,1400,1400,1400,1400,14590,0,69,99,34,2688,1630
"1597347187","100","","Aggregated",15.10,0.00,62,73,80,86,110,130,210,1200,1300,1300,1300,1300,14640,0,69,99,34,2688,1629
"1597347191","100","","Aggregated",15.70,0.00,71,86,99,110,130,140,1200,1300,1300,1300,1300,1300,14683,0,69,99,34,2688,1629
"1597347194","100","","Aggregated",13.70,0.00,68,81,99,110,120,130,1300,1800,1800,1800,1800,1800,14749,0,69,99,34,2688,1630
"1597347197","100","","Aggregated",16.10,0.00,65,80,98,110,120,120,130,1800,1800,1800,1800,1800,14785,0,69,99,34,2688,1630
"1597347200","100","","Aggregated",14.50,0.00,67,87,110,110,140,150,160,1800,1800,1800,1800,1800,14838,0,69,99,34,2688,1629
"1597347204","100","","Aggregated",15.50,0.00,63,70,85,92,150,160,1200,1200,1200,1200,1200,1200,14889,0,69,99,34,2688,1630
"1597347207","100","","Aggregated",14.00,0.00,70,87,94,100,110,110,190,1200,1200,1200,1200,1200,14950,0,69,99,34,2688,1628
"1597347211","100","","Aggregated",16.50,0.00,88,110,110,110,140,150,150,170,190,190,190,190,15005,0,69,99,34,2688,1627
"1597347215","100","","Aggregated",13.10,0.00,80,110,130,130,140,150,150,160,170,170,170,170,15065,0,69,99,34,2688,1628
"1597347219","100","","Aggregated",12.90,0.00,78,88,120,130,140,150,170,210,2000,2000,2000,2000,15122,0,69,99,34,2688,1627
"1597347223","100","","Aggregated",13.70,0.00,75,84,88,93,110,120,170,210,2000,2000,2000,2000,15181,0,69,99,34,2688,1627
"1597347227","100","","Aggregated",12.40,0.00,72,87,97,110,160,170,2600,2600,2600,2600,2600,2600,15239,0,69,100,34,2688,1628
"1597347231","100","","Aggregated",12.00,0.00,79,140,160,170,170,190,2600,2600,2600,2600,2600,2600,15299,0,69,100,34,2688,1627
"1597347234","100","","Aggregated",11.80,0.00,83,97,120,150,170,180,1900,2000,2100,2100,2100,2100,15362,0,69,100,34,2688,1627
"1597347238","100","","Aggregated",14.20,0.00,70,79,90,92,120,160,1900,2000,2100,2100,2100,2100,15415,0,69,100,34,2688,1626
"1597347242","100","","Aggregated",13.50,0.00,67,75,90,140,160,170,1900,2100,2100,2100,2100,2100,15478,0,69,100,34,2688,1625
"1597347245","100","","Aggregated",17.90,0.00,71,130,150,160,170,230,1500,2100,2100,2100,2100,2100,15529,0,69,101,34,2688,1625
"1597347248","100","","Aggregated",14.30,0.00,70,89,100,130,150,230,1300,1300,1500,1500,1500,1500,15577,0,69,101,34,2688,1624
"1597347251","100","","Aggregated",16.20,0.00,80,100,120,130,150,230,1300,1300,1500,1500,1500,1500,15623,0,69,101,34,2688,1626
"1597347254","100","","Aggregated",14.50,0.00,82,100,110,110,140,150,1300,1300,1300,1300,1300,1300,15671,0,69,101,34,2688,1625
"1597347258","100","","Aggregated",14.20,0.00,89,110,120,130,150,180,200,1400,1400,1400,1400,1400,15723,0,69,101,34,2688,1625
"1597347261","100","","Aggregated",14.60,0.00,79,89,100,100,130,180,1400,1400,1500,1500,1500,1500,15778,0,69,101,34,2688,1627
"1597347264","100","","Aggregated",15.50,0.00,81,91,100,110,130,180,1300,1300,1500,1500,1500,1500,15833,0,69,101,34,2688,1626
"1597347267","100","","Aggregated",16.20,0.00,77,88,95,100,120,170,1300,1400,1500,1500,1500,1500,15878,0,69,101,34,2688,1624
"1597347271","100","","Aggregated",15.50,0.00,72,82,88,91,140,180,340,1300,1400,1400,1400,1400,15928,0,69,101,34,2688,1624
"1597347274","100","","Aggregated",15.00,0.00,78,89,100,140,170,210,1600,1600,1600,1600,1600,1600,15981,0,70,101,34,2688,1622
"1597347277","100","","Aggregated",14.80,0.00,78,100,130,140,170,170,1600,1600,1600,1600,1600,1600,16026,0,70,101,34,2688,1621
"1597347281","100","","Aggregated",14.80,0.00,78,100,110,120,140,160,1400,1400,1400,1400,1400,1400,16080,0,70,102,34,2688,1621
"1597347284","100","","Aggregated",15.20,0.00,66,78,89,100,130,160,1400,1400,1400,1400,1400,1400,16128,0,70,102,34,2688,1622
"1597347287","100","","Aggregated",14.70,0.00,66,82,92,95,120,160,1300,1400,1400,1400,1400,1400,16183,0,70,102,34,2688,1619
"1597347290","100","","Aggregated",15.70,0.00,64,78,86,90,110,160,1300,1400,1400,1400,1400,1400,16226,0,69,102,34,2688,1619
"1597347293","100","","Aggregated",14.60,0.00,64,74,85,88,100,160,170,1300,1300,1300,1300,1300,16281,0,69,102,34,2688,1621
"1597347296","100","","Aggregated",15.30,0.00,64,74,86,90,110,120,1200,1300,1300,1300,1300,1300,16320,0,69,102,34,2688,1622
"1597347300","100","","Aggregated",13.90,0.00,68,84,90,96,120,150,1200,1200,1300,1300,1300,1300,16381,0,69,102,34,2688,1625
"1597347303","100","","Aggregated",16.10,0.00,63,71,78,84,95,110,1200,1200,1500,1500,1500,1500,16428,0,69,102,34,2688,1628
"1597347307","100","","Aggregated",14.70,0.00,64,71,74,75,96,130,160,200,1500,1500,1500,1500,16471,0,69,102,34,2688,1629
"1597347311","100","","Aggregated",13.00,0.00,74,89,96,97,130,140,170,200,2000,2000,2000,2000,16540,0,70,102,34,2688,1627
"1597347315","100","","Aggregated",12.60,0.00,79,86,92,96,120,140,170,2000,2400,2400,2400,2400,16597,0,70,102,34,2688,1626
"1597347319","100","","Aggregated",12.90,0.00,77,88,100,110,130,150,150,200,2400,2400,2400,2400,16657,0,70,102,34,2688,1629
"1597347323","100","","Aggregated",11.90,0.00,73,97,100,110,130,150,150,170,200,200,200,200,16722,0,70,102,34,2688,1627
"1597347328","100","","Aggregated",12.70,0.00,72,82,100,110,120,140,160,170,2500,2500,2500,2500,16788,0,70,102,34,2688,1628
"1597347333","100","","Aggregated",13.10,0.00,75,100,120,130,140,160,2400,2400,2400,2400,2400,2400,16856,0,70,102,34,2688,1628
"1597347337","100","","Aggregated",13.40,0.00,76,87,100,130,140,170,2400,2900,3000,3000,3000,3000,16927,0,70,102,34,2952,1628
"1597347341","100","","Aggregated",13.90,0.00,74,82,87,91,110,130,180,2900,3000,3000,3000,3000,16981,0,70,102,34,2952,1627
"1597347345","100","","Aggregated",12.50,0.00,81,92,97,100,120,140,150,170,180,180,180,180,17052,0,70,102,34,2952,1625
"1597347350","100","","Aggregated",12.50,0.00,77,88,94,95,110,140,150,160,170,170,170,170,17114,0,70,102,34,2952,1625
"1597347354","100","","Aggregated",13.60,0.00,71,80,87,89,100,120,150,160,2300,2300,2300,2300,17176,0,70,102,34,2952,1625
"1597347358","100","","Aggregated",12.40,0.00,79,90,100,100,120,150,180,510,2300,2300,2300,2300,17252,0,70,102,34,2952,1624
"1597347363","100","","Aggregated",13.80,0.00,74,85,94,100,110,140,180,220,510,510,510,510,17308,0,70,102,34,2952,1623
"1597347368","100","","Aggregated",13.20,0.00,120,140,160,180,200,220,230,240,2900,2900,2900,2900,17383,0,70,102,34,2952,1622
"1597347372","100","","Aggregated",13.10,0.00,89,130,140,150,190,220,230,240,2900,2900,2900,2900,17446,0,70,102,34,2952,1624
"1597347377","100","","Aggregated",13.80,0.00,84,92,99,100,140,150,160,180,180,180,180,180,17510,0,70,102,34,2952,1626
"1597347381","100","","Aggregated",12.70,0.00,84,97,110,120,140,150,180,180,2600,2600,2600,2600,17580,0,70,102,34,2952,1627
"1597347386","100","","Aggregated",13.40,0.00,75,83,89,94,120,120,150,290,2600,2600,2600,2600,17654,0,70,102,34,2952,1629
"1597347391","100","","Aggregated",14.40,0.00,82,100,110,120,160,160,170,180,210,210,210,210,17729,0,70,102,34,2952,1627
"1597347396","100","","Aggregated",14.90,0.00,76,88,99,100,110,110,2900,2900,2900,2900,2900,2900,17796,0,70,102,34,2952,1627
"1597347400","100","","Aggregated",14.20,0.00,86,100,110,120,160,170,190,2900,2900,2900,2900,2900,17859,0,70,102,34,2952,1626
"1597347405","100","","Aggregated",13.00,0.00,88,120,130,140,180,180,220,230,260,260,260,260,17929,0,70,102,34,2952,1627
"1597347409","100","","Aggregated",13.30,0.00,80,91,120,120,180,180,230,260,2700,2700,2700,2700,17998,0,70,102,34,2952,1625
"1597347414","100","","Aggregated",13.90,0.00,78,89,110,140,160,220,230,230,2700,2700,2700,2700,18063,0,70,102,34,2952,1623
"1597347418","100","","Aggregated",13.40,0.00,84,110,140,140,160,220,230,230,290,290,290,290,18120,0,70,102,34,2952,1621
"1597347423","100","","Aggregated",12.20,0.00,100,120,130,150,190,220,270,290,2700,2700,2700,2700,18188,0,70,102,34,2952,1624
"1597347428","100","","Aggregated",12.50,0.00,100,110,140,150,170,220,230,3200,3200,3200,3200,3200,18263,0,70,103,34,3183,1626
"1597347432","100","","Aggregated",14.30,0.00,100,110,140,150,170,220,2500,2500,3200,3200,3200,3200,18321,0,71,103,34,3183,1626
"1597347437","100","","Aggregated",13.30,0.00,93,110,130,140,160,170,2500,2600,2600,2600,2600,2600,18388,0,71,103,34,3183,1625
"1597347440","100","","Aggregated",12.50,0.00,110,130,140,140,150,170,2600,2600,2600,2600,2600,2600,18455,0,71,103,34,3183,1624
"1597347443","100","","Aggregated",13.40,0.00,68,78,120,130,150,160,190,2600,2600,2600,2600,2600,18507,0,71,103,34,3183,1623
"1597347447","100","","Aggregated",13.00,0.00,61,69,72,80,120,140,190,200,1600,1600,1600,1600,18565,0,71,103,34,3183,1626
"1597347450","100","","Aggregated",17.70,0.00,63,75,86,91,110,140,200,1400,1600,1600,1600,1600,18610,0,71,103,34,3183,1626
"1597347453","100","","Aggregated",15.50,0.00,68,80,88,91,110,130,170,200,1400,1400,1400,1400,18668,0,71,103,34,3183,1625
"1597347457","100","","Aggregated",16.10,0.00,65,75,87,90,110,150,160,160,170,170,170,170,18715,0,71,103,34,3183,1625
"1597347460","100","","Aggregated",15.00,0.00,65,73,86,88,140,150,170,1600,1600,1600,1600,1600,18766,0,71,103,34,3183,1625
"1597347463","100","","Aggregated",15.60,0.00,61,72,82,85,100,120,1400,1600,1600,1600,1600,1600,18816,0,71,103,34,3183,1623
"1597347466","100","","Aggregated",14.80,0.00,66,80,91,94,110,160,1400,1600,1600,1600,1600,1600,18871,0,71,103,34,3183,1624
"1597347470","100","","Aggregated",15.60,0.00,64,80,89,93,110,150,330,1400,1400,1400,1400,1400,18912,0,71,103,34,3183,1625
"1597347473","100","","Aggregated",14.60,0.00,68,80,90,95,110,160,330,1400,1400,1400,1400,1400,18972,0,71,103,34,3183,1624
"1597347476","100","","Aggregated",15.60,0.00,72,84,90,95,110,130,210,1400,1600,1600,1600,1600,19027,0,71,103,34,3183,1626
"1597347480","100","","Aggregated",15.60,0.00,69,78,82,86,98,120,210,1400,1600,1600,1600,1600,19068,0,71,103,34,3183,1625
"1597347483","100","","Aggregated",15.60,0.00,71,81,88,94,110,130,170,1400,1400,1400,1400,1400,19124,0,71,103,34,3183,1626
"1597347486","100","","Aggregated",15.20,0.00,68,78,88,91,99,120,160,170,1400,1400,1400,1400,19176,0,71,103,34,3183,1625
"1597347489","100","","Aggregated",14.90,0.00,70,80,87,90,100,130,170,1400,1400,1400,1400,1400,19230,0,71,103,34,3183,1625
"1597347493","100","","Aggregated",16.20,0.00,66,74,79,83,110,140,220,1400,1400,1400,1400,1400,19284,0,71,103,34,3183,1626
"1597347496","100","","Aggregated",16.00,0.00,68,75,80,84,110,140,160,210,220,220,220,220,19326,0,71,103,34,3183,1626
"1597347499","100","","Aggregated",15.00,0.00,75,84,89,94,110,160,190,210,220,220,220,220,19386,0,71,103,34,3183,1625
"1597347502","100","","Aggregated",15.60,0.00,82,90,99,100,120,160,180,180,190,190,190,190,19425,0,71,103,34,3183,1623
"1597347506","100","","Aggregated",14.10,0.00,83,99,100,110,120,130,180,180,1400,1400,1400,1400,19485,0,71,103,34,3183,1624
"1597347509","100","","Aggregated",15.90,0.00,74,81,87,100,120,130,170,180,1400,1400,1400,1400,19530,0,71,103,34,3183,1624
"1597347512","100","","Aggregated",14.40,0.00,74,87,97,100,110,130,170,190,1400,1400,1400,1400,19585,0,71,103,34,3183,1623
"1597347516","100","","Aggregated",16.00,0.00,73,86,94,98,130,160,190,1400,1500,1500,1500,1500,19637,0,71,103,34,3183,1623
"1597347519","100","","Aggregated",15.20,0.00,67,76,80,83,110,150,180,1500,1600,1600,1600,1600,19698,0,71,103,34,3183,1623
"1597347522","100","","Aggregated",16.80,0.00,66,74,82,86,130,150,1500,1500,1600,1600,1600,1600,19747,0,71,103,34,3183,1622
"1597347526","100","","Aggregated",16.20,0.00,67,85,120,130,150,180,1400,1500,1500,1500,1500,1500,19805,0,71,103,34,3183,1623
"1597347529","100","","Aggregated",16.80,0.00,82,110,130,140,150,170,1400,1400,1400,1400,1400,1400,19852,0,71,103,34,3183,1621
"1597347532","100","","Aggregated",15.40,0.00,80,93,110,130,160,170,190,270,360,360,360,360,19900,0,71,103,34,3183,1620
"1597347536","100","","Aggregated",15.30,0.00,91,110,130,150,170,180,190,250,250,250,250,250,19952,0,71,103,34,3183,1622
"1597347540","100","","Aggregated",14.70,0.00,100,130,150,160,170,180,250,250,1800,1800,1800,1800,20014,0,71,103,34,3183,1621
"1597347544","100","","Aggregated",13.10,0.00,96,110,120,150,170,180,200,210,1800,1800,1800,1800,20074,0,71,103,34,3183,1620
"1597347547","100","","Aggregated",14.30,0.00,98,110,120,130,150,210,1400,1500,1500,1500,1500,1500,20128,0,71,103,34,3183,1620
"1597347550","100","","Aggregated",13.40,0.00,78,99,130,140,160,210,1500,1500,1500,1500,1500,1500,20182,0,71,104,34,3183,1619
"1597347553","100","","Aggregated",16.80,0.00,74,86,110,130,150,210,1400,1500,1500,1500,1500,1500,20233,0,71,103,34,3183,1620
"1597347557","100","","Aggregated",15.90,0.00,74,88,130,150,190,190,1400,1500,1500,1500,1500,1500,20281,0,71,104,34,3183,1620
"1597347560","100","","Aggregated",15.30,0.00,71,88,100,130,180,190,1400,1500,1500,1500,1500,1500,20338,0,71,104,34,3183,1620
"1597347563","100","","Aggregated",15.60,0.00,76,100,120,130,170,190,190,280,1400,1400,1400,1400,20386,0,71,104,34,3183,1618
"1597347567","100","","Aggregated",15.30,0.00,75,91,100,110,130,190,210,220,240,240,240,240,20441,0,71,104,34,3183,1619
"1597347570","100","","Aggregated",16.00,0.00,73,82,93,97,110,190,220,240,1500,1500,1500,1500,20486,0,71,104,34,3183,1619
"1597347573","100","","Aggregated",14.80,0.00,72,82,93,98,160,190,1400,1400,1500,1500,1500,1500,20540,0,71,104,34,3183,1621
"1597347577","100","","Aggregated",15.40,0.00,72,82,91,130,160,170,1400,1500,1500,1500,1500,1500,20592,0,71,104,34,3183,1620
"1597347580","100","","Aggregated",15.10,0.00,70,81,90,98,160,170,1500,1500,1500,1500,1500,1500,20646,0,71,104,34,3183,1620
"1597347583","100","","Aggregated",16.00,0.00,65,78,83,88,100,150,1500,1500,1500,1500,1500,1500,20696,0,71,104,34,3183,1620
"1597347587","100","","Aggregated",15.60,0.00,78,89,99,100,130,180,220,1400,1500,1500,1500,1500,20743,0,71,104,34,3183,1619
"1597347590","100","","Aggregated",15.10,0.00,81,95,100,110,110,150,220,1500,1500,1500,1500,1500,20798,0,71,104,34,3183,1620
"1597347593","100","","Aggregated",15.20,0.00,75,88,98,100,110,150,1500,1500,1500,1500,1500,1500,20847,0,71,104,34,3183,1620
"1597347597","100","","Aggregated",15.10,0.00,83,96,100,110,120,190,1500,1500,1500,1500,1500,1500,20896,0,71,104,34,3183,1620
"1597347600","100","","Aggregated",15.30,0.00,71,97,100,110,120,190,1500,1500,1500,1500,1500,1500,20957,0,71,104,34,3183,1619
"1597347603","100","","Aggregated",15.90,0.00,64,77,86,99,110,160,200,200,1500,1500,1500,1500,21009,0,71,104,34,3183,1621
"1597347607","100","","Aggregated",16.20,0.00,62,73,80,88,140,190,1500,1500,1500,1500,1500,1500,21061,0,71,104,34,3183,1621
"1597347610","100","","Aggregated",16.50,0.00,57,66,74,81,140,240,1500,1500,1500,1500,1500,1500,21103,0,71,104,34,3183,1620
"1597347613","100","","Aggregated",14.60,0.00,74,93,100,120,140,150,240,1400,1500,1500,1500,1500,21159,0,71,104,34,3183,1619
"1597347617","100","","Aggregated",15.00,0.00,83,94,110,120,160,230,1500,1500,1700,1700,1700,1700,21212,0,71,105,34,3183,1618
"1597347620","100","","Aggregated",15.10,0.00,86,110,130,140,160,230,1500,1500,1700,1700,1700,1700,21261,0,71,105,34,3183,1618
"1597347623","100","","Aggregated",15.80,0.00,75,91,110,130,150,160,1500,1500,1600,1600,1600,1600,21316,0,71,105,34,3183,1615
"1597347627","100","","Aggregated",15.70,0.00,64,72,77,87,93,160,1500,1500,1600,1600,1600,1600,21364,0,71,105,34,3183,1616
"1597347630","100","","Aggregated",15.20,0.00,61,68,75,93,130,160,220,1500,1500,1500,1500,1500,21417,0,71,105,34,3183,1616
"1597347634","100","","Aggregated",15.60,0.00,68,120,130,140,160,180,250,1500,1500,1500,1500,1500,21479,0,71,105,34,3183,1616
"1597347637","100","","Aggregated",16.30,0.00,60,110,130,140,160,170,250,1400,1500,1500,1500,1500,21527,0,71,105,34,3183,1615
"1597347640","100","","Aggregated",16.30,0.00,60,66,78,91,120,130,240,1400,1500,1500,1500,1500,21578,0,71,105,34,3183,1616
"1597347643","100","","Aggregated",16.10,0.00,64,70,78,90,110,130,190,1400,1500,1500,1500,1500,21640,0,71,105,34,3183,1618
"1597347647","100","","Aggregated",16.10,0.00,60,65,68,71,79,100,120,150,1400,1400,1400,1400,21686,0,71,105,34,3183,1618
"1597347650","100","","Aggregated",15.90,0.00,60,68,76,80,120,120,150,170,1400,1400,1400,1400,21742,0,71,105,34,3183,1618
"1597347654","100","","Aggregated",16.40,0.00,62,70,73,79,120,130,160,170,190,190,190,190,21788,0,71,105,34,3183,1617
"1597347657","100","","Aggregated",14.80,0.00,66,73,79,86,93,180,1500,1500,1600,1600,1600,1600,21846,0,71,105,34,3183,1619
"1597347660","100","","Aggregated",16.00,0.00,64,72,78,82,100,180,1500,1600,1600,1600,1600,1600,21901,0,71,105,34,3183,1619
"1597347664","100","","Aggregated",15.90,0.00,65,73,78,85,110,130,180,1600,1600,1600,1600,1600,21950,0,71,105,34,3183,1620
"1597347667","100","","Aggregated",16.20,0.00,67,76,90,96,110,130,170,1500,1600,1600,1600,1600,21999,0,71,105,34,3183,1620
"1597347670","100","","Aggregated",15.30,0.00,66,78,91,95,110,170,1500,1700,1700,1700,1700,1700,22052,0,71,105,34,3183,1620
"1597347674","100","","Aggregated",15.10,0.00,66,79,86,91,110,1500,1500,1700,1700,1700,1700,1700,22102,0,71,105,34,3183,1621
"1597347677","100","","Aggregated",15.20,0.00,64,78,85,87,120,200,1500,1500,1500,1500,1500,1500,22153,0,71,105,34,3183,1623
"1597347681","100","","Aggregated",15.40,0.00,59,77,85,88,120,180,210,1500,1500,1500,1500,1500,22207,0,71,105,34,3183,1623
"1597347684","100","","Aggregated",15.50,0.00,65,85,98,100,130,180,190,210,1500,1500,1500,1500,22257,0,71,105,34,3183,1623
"1597347687","100","","Aggregated",15.50,0.00,62,85,93,98,110,140,160,1500,1500,1500,1500,1500,22309,0,71,105,34,3183,1623
"1597347691","100","","Aggregated",15.60,0.00,66,79,86,90,97,110,200,1500,1500,1500,1500,1500,22371,0,71,105,34,3183,1622
"1597347694","100","","Aggregated",16.40,0.00,67,79,86,90,98,150,200,1500,1700,1700,1700,1700,22422,0,71,105,34,3183,1620
"1597347698","100","","Aggregated",16.50,0.00,64,76,90,100,140,160,260,1600,1700,1700,1700,1700,22475,0,71,105,34,3183,1620
"1597347701","100","","Aggregated",16.60,0.00,61,73,100,110,150,190,260,1600,1600,1600,1600,1600,22520,0,71,105,34,3183,1620
"1597347705","100","","Aggregated",14.90,0.00,73,99,170,220,310,320,400,1600,1800,1800,1800,1800,22587,0,71,105,34,3183,1621
"1597347708","100","","Aggregated",13.30,0.00,65,80,120,170,300,320,400,1600,1800,1800,1800,1800,22638,0,71,105,34,3183,1622
"1597347712","100","","Aggregated",16.30,0.00,61,68,72,83,110,120,190,1600,1900,1900,1900,1900,22685,0,71,105,34,3183,1621
"1597347716","100","","Aggregated",14.60,0.00,72,81,89,97,120,230,1900,1900,2000,2000,2000,2000,22751,0,71,105,34,3183,1622
"1597347719","100","","Aggregated",13.70,0.00,69,80,85,90,110,200,1900,1900,2000,2000,2000,2000,22805,0,71,105,34,3183,1623
"1597347723","100","","Aggregated",16.50,0.00,63,71,81,90,130,150,200,1700,1700,1700,1700,1700,22867,0,71,105,34,3183,1623
"1597347726","100","","Aggregated",14.10,0.00,63,69,82,91,130,180,200,1700,1700,1700,1700,1700,22914,0,71,105,34,3183,1623
"1597347730","100","","Aggregated",16.30,0.00,71,79,84,87,110,120,190,190,200,200,200,200,22979,0,71,105,34,3183,1624
"1597347735","100","","Aggregated",14.70,0.00,74,81,87,90,110,140,200,1700,1700,1700,1700,1700,23025,0,71,105,34,3183,1623
"1597347739","100","","Aggregated",11.50,0.00,100,150,160,170,180,200,240,1700,1700,1700,1700,1700,23100,0,71,105,34,3183,1623
"1597347744","100","","Aggregated",12.10,0.00,150,170,170,180,190,200,240,260,2700,2700,2700,2700,23160,0,71,106,34,3183,1620
"1597347749","100","","Aggregated",13.50,0.00,93,110,120,160,180,190,200,260,2500,2500,2500,2500,23232,0,71,106,34,3183,1619
"1597347753","100","","Aggregated",13.20,0.00,82,99,110,110,120,140,170,190,2500,2500,2500,2500,23299,0,71,106,34,3183,1619
"1597347757","100","","Aggregated",13.90,0.00,79,110,120,130,150,160,190,240,260,260,260,260,23368,0,71,106,34,3183,1618
"1597347762","100","","Aggregated",13.60,0.00,78,97,120,130,140,150,220,240,260,260,260,260,23434,0,71,106,34,3183,1618
"1597347766","100","","Aggregated",13.50,0.00,77,100,130,150,170,180,220,3000,3000,3000,3000,3000,23502,0,71,106,34,3183,1618
"1597347771","100","","Aggregated",13.40,0.00,74,94,160,160,180,220,2500,3000,3000,3000,3000,3000,23559,0,71,106,34,3183,1618
"1597347776","100","","Aggregated",12.50,0.00,76,92,160,170,190,230,2500,2500,2500,2500,2500,2500,23634,0,71,106,34,3183,1618
"1597347780","100","","Aggregated",13.20,0.00,94,130,170,180,190,210,240,460,2500,2500,2500,2500,23710,0,71,106,34,3183,1618
"1597347785","100","","Aggregated",15.10,0.00,89,120,160,160,190,200,240,460,2400,2400,2400,2400,23764,0,71,106,34,3183,1616
"1597347790","100","","Aggregated",13.00,0.00,71,81,86,90,100,110,180,200,200,200,200,200,23834,0,71,106,34,3183,1615
"1597347794","100","","Aggregated",12.40,0.00,80,89,96,100,130,160,180,180,200,200,200,200,23910,0,71,106,34,3183,1616
"1597347798","100","","Aggregated",14.60,0.00,77,90,100,100,130,150,170,170,180,180,180,180,23980,0,71,106,34,3183,1616
"1597347803","100","","Aggregated",14.60,0.00,76,94,100,100,110,120,130,130,160,160,160,160,24047,0,71,106,34,3183,1616
"1597347807","100","","Aggregated",13.70,0.00,97,110,110,120,130,160,170,170,200,200,200,200,24106,0,71,106,34,3183,1616
"1597347812","100","","Aggregated",12.60,0.00,110,130,150,160,190,210,230,2400,2400,2400,2400,2400,24174,0,71,106,34,3183,1615
"1597347817","100","","Aggregated",12.70,0.00,100,120,120,130,170,200,210,230,230,230,230,230,24241,0,71,106,34,3183,1618
"1597347821","100","","Aggregated",13.50,0.00,91,100,110,110,110,120,160,160,190,190,190,190,24310,0,71,106,34,3183,1618
"1597347826","100","","Aggregated",13.60,0.00,94,110,110,110,130,150,160,160,190,190,190,190,24366,0,71,106,34,3183,1617
"1597347831","100","","Aggregated",12.50,0.00,82,100,110,140,150,180,200,200,200,200,200,200,24439,0,71,106,34,3183,1619
"1597347835","100","","Aggregated",12.90,0.00,96,130,140,150,170,190,200,200,210,210,210,210,24506,0,71,106,34,3183,1617
"1597347840","100","","Aggregated",14.00,0.00,94,130,140,140,170,170,200,210,250,250,250,250,24573,0,71,106,34,3183,1619
"1597347843","100","","Aggregated",13.40,0.00,76,88,93,99,140,150,170,180,250,250,250,250,24640,0,72,106,34,3183,1618
"1597347847","100","","Aggregated",13.50,0.00,69,78,82,85,91,99,180,190,190,190,190,190,24690,0,71,106,34,3183,1619
"1597347850","100","","Aggregated",14.00,0.00,62,69,71,78,83,92,180,190,190,190,190,190,24744,0,71,106,34,3183,1618
"1597347853","100","","Aggregated",17.10,0.00,63,71,82,84,93,120,200,1600,1700,1700,1700,1700,24801,0,71,106,34,3183,1618
"1597347858","100","","Aggregated",16.10,0.00,66,79,84,88,100,180,1600,1600,1700,1700,1700,1700,24849,0,71,106,34,3183,1619
"1597347863","100","","Aggregated",12.80,0.00,84,99,110,120,170,180,300,340,1600,1600,1600,1600,24931,0,71,106,34,3183,1619
"1597347867","100","","Aggregated",13.70,0.00,87,99,110,110,160,200,300,340,2400,2400,2400,2400,24980,0,71,106,34,3183,1619
"1597347872","100","","Aggregated",13.10,0.00,83,95,160,170,190,250,2400,2800,2800,2800,2800,2800,25053,0,72,106,34,3183,1618
"1597347876","100","","Aggregated",12.20,0.00,90,130,160,170,190,250,260,2800,2800,2800,2800,2800,25113,0,72,106,34,3183,1619
"1597347881","100","","Aggregated",13.30,0.00,82,91,120,130,150,160,190,2500,2500,2500,2500,2500,25180,0,72,106,34,3183,1618
"1597347886","100","","Aggregated",12.70,0.00,82,130,270,300,380,410,510,530,530,530,530,530,25251,0,72,107,34,3183,1618
"1597347889","100","","Aggregated",13.80,0.00,85,160,170,190,360,380,500,510,530,530,530,530,25326,0,72,107,34,3183,1617
"1597347893","100","","Aggregated",14.60,0.00,79,95,120,160,170,190,230,230,1700,1700,1700,1700,25375,0,72,107,34,3183,1618
"1597347896","100","","Aggregated",12.90,0.00,70,79,88,94,100,110,190,190,1700,1700,1700,1700,25433,0,72,106,34,3183,1619
"1597347900","100","","Aggregated",18.20,0.00,67,79,92,95,120,170,240,1600,1600,1600,1600,1600,25494,0,72,107,34,3183,1618
"1597347903","100","","Aggregated",14.60,0.00,70,92,110,120,130,160,240,1600,1600,1600,1600,1600,25543,0,72,107,34,3183,1618
"1597347908","100","","Aggregated",16.80,0.00,77,110,130,140,160,180,190,260,1600,1600,1600,1600,25591,0,72,107,34,3183,1617
"1597347913","100","","Aggregated",11.10,0.00,83,96,99,110,120,120,3200,3200,3200,3200,3200,3200,25658,0,72,107,34,3228,1619
"1597347917","100","","Aggregated",11.50,0.00,90,96,100,110,120,160,200,3200,3200,3200,3200,3200,25730,0,72,107,34,3228,1618
"1597347922","100","","Aggregated",13.90,0.00,82,90,94,96,100,130,160,160,190,190,190,190,25794,0,72,107,34,3228,1618
"1597347927","100","","Aggregated",13.60,0.00,76,110,120,130,140,140,180,210,2900,2900,2900,2900,25870,0,72,107,34,3228,1619
"1597347931","100","","Aggregated",14.00,0.00,100,110,120,130,140,180,210,2900,3000,3000,3000,3000,25931,0,72,107,34,3228,1620
"1597347936","100","","Aggregated",13.70,0.00,90,110,120,150,180,200,2500,2500,3000,3000,3000,3000,26002,0,72,107,34,3228,1619
"1597347941","100","","Aggregated",13.20,0.00,78,89,94,97,110,180,250,2900,2900,2900,2900,2900,26073,0,72,107,34,3228,1620
"1597347945","100","","Aggregated",14.20,0.00,78,88,94,99,130,180,2700,2700,2900,2900,2900,2900,26135,0,72,107,34,3228,1620
"1597347950","100","","Aggregated",13.30,0.00,72,87,100,130,150,180,190,2700,2700,2700,2700,2700,26199,0,72,107,34,3228,1621
"1597347954","100","","Aggregated",12.60,0.00,79,94,100,130,140,160,190,190,2900,2900,2900,2900,26269,0,72,107,34,3228,1620
"1597347959","100","","Aggregated",13.40,0.00,89,98,100,110,140,150,160,190,2900,2900,2900,2900,26339,0,72,107,34,3228,1619
"1597347964","100","","Aggregated",14.00,0.00,91,100,110,110,140,150,160,210,2600,2600,2600,2600,26402,0,72,107,34,3228,1619
"1597347968","100","","Aggregated",13.30,0.00,87,96,100,110,140,150,210,2600,3100,3100,3100,3100,26475,0,72,107,34,3228,1620
"1597347973","100","","Aggregated",13.60,0.00,83,92,96,100,140,150,210,2900,3100,3100,3100,3100,26546,0,72,107,34,3228,1619
"1597347978","100","","Aggregated",14.40,0.00,76,92,130,140,160,170,170,210,2500,2500,2500,2500,26616,0,72,107,34,3228,1618
"1597347982","100","","Aggregated",14.10,0.00,90,120,140,140,150,170,170,170,2500,2500,2500,2500,26678,0,72,107,34,3228,1618
"1597347987","100","","Aggregated",13.20,0.00,90,110,130,140,150,160,160,170,170,170,170,170,26755,0,72,107,34,3228,1617
"1597347991","100","","Aggregated",13.90,0.00,80,99,130,140,150,160,160,170,190,190,190,190,26816,0,72,107,34,3228,1619
"1597347996","100","","Aggregated",13.80,0.00,74,110,130,140,150,160,190,210,2900,2900,2900,2900,26880,0,72,107,34,3228,1618
"1597348000","100","","Aggregated",12.50,0.00,79,120,140,140,150,210,260,260,2900,2900,2900,2900,26947,0,72,107,34,3228,1619
"1597348005","100","","Aggregated",13.10,0.00,89,110,130,140,150,210,260,2600,2600,2600,2600,2600,27007,0,72,107,34,3228,1620
"1597348010","100","","Aggregated",12.70,0.00,86,120,130,140,200,250,350,3000,3000,3000,3000,3000,27075,0,72,108,34,3228,1620
"1597348015","100","","Aggregated",12.80,0.00,90,100,110,140,170,180,190,3300,3300,3300,3300,3300,27157,0,72,108,34,3324,1619
"1597348019","100","","Aggregated",15.00,0.00,87,100,110,120,170,180,190,2600,3300,3300,3300,3300,27214,0,73,108,34,3324,1618
"1597348023","100","","Aggregated",13.90,0.00,88,100,110,120,170,190,480,2600,3000,3000,3000,3000,27282,0,73,108,34,3324,1618
"1597348027","100","","Aggregated",12.50,0.00,95,110,120,120,160,190,200,480,3000,3000,3000,3000,27344,0,73,108,34,3324,1619
"1597348030","100","","Aggregated",13.00,0.00,74,91,100,110,120,130,150,160,190,190,190,190,27392,0,73,108,34,3324,1618
"1597348034","100","","Aggregated",14.20,0.00,65,74,81,91,110,110,190,190,1700,1700,1700,1700,27449,0,73,108,34,3324,1617
"1597348039","100","","Aggregated",12.50,0.00,64,69,97,110,160,190,260,280,1700,1700,1700,1700,27511,0,73,108,34,3324,1618
"1597348043","100","","Aggregated",13.80,0.00,70,85,110,110,160,200,280,2900,2900,2900,2900,2900,27582,0,73,108,34,3324,1617
"1597348047","100","","Aggregated",13.30,0.00,73,85,110,110,120,190,2600,2900,2900,2900,2900,2900,27642,0,73,108,34,3324,1617
"1597348051","100","","Aggregated",13.10,0.00,78,110,120,120,190,230,2300,2300,2600,2600,2600,2600,27711,0,73,108,34,3324,1617
"1597348055","100","","Aggregated",12.90,0.00,100,120,120,140,170,230,2300,2300,2600,2600,2600,2600,27770,0,73,108,34,3324,1618
"1597348060","0","","Aggregated",13.00,0.00,80,110,120,120,140,150,200,200,2600,2600,2600,2600,27827,0,73,108,34,3324,1617
